{
  "label": "task_4_Py150",
  "checkpoint": "/tmp/checkpoints/trace_osft_qwen25/task_4_Py150/hf_format/samples_13656.0",
  "num_layers": 36,
  "num_matrices": 252,
  "elapsed_seconds": 601.5,
  "ratios": {
    "0.05": 0.006708,
    "0.10": 0.017222,
    "0.15": 0.029465,
    "0.20": 0.044274,
    "0.25": 0.061337,
    "0.30": 0.080892
  },
  "mean_sv_curve": [
    6.517486042919613,
    3.8588785155472514,
    3.585440753757729,
    3.4136191391211295,
    3.2894068142189563,
    3.1949070198946505,
    3.1159942979669832,
    3.048698532357403,
    2.9899552512967165,
    2.9386479362109696,
    2.8913399144190604,
    2.8486835198453013,
    2.8095568382168103,
    2.773163027937183,
    2.7386806656370206,
    2.7060446746601605,
    2.67585643875387,
    2.6471439792611258,
    2.6190854395211773,
    2.593097096189762,
    2.568237364285012,
    2.5435066309969927,
    2.5201514924985506,
    2.4975979754972695,
    2.475882493398678,
    2.454877164366096,
    2.434439540185114,
    2.415185137621626,
    2.3957083512279156,
    2.376811139666504,
    2.358414306897927,
    2.340764074648806,
    2.323309228670476,
    2.30607861770966,
    2.289328226826023,
    2.2734391872923445,
    2.257475941141913,
    2.2415444746826276,
    2.225973292583817,
    2.210848592789282,
    2.19596265348044,
    2.1813503802714096,
    2.1667537730250466,
    2.1526435593580944,
    2.1385605429929346,
    2.125411863260276,
    2.111479683223596,
    2.0979891575553777,
    2.0847159031607134,
    2.071758637419155,
    2.0590789851481404,
    2.0468552990234805,
    2.0339280632151797,
    2.0212848256179052,
    2.009160095586148,
    1.997249372210183,
    1.9851091710183957,
    1.973079552373134,
    1.9612368580586534,
    1.9492336387619829,
    1.9373522058594057,
    1.9263046580804566,
    1.9151622653554259,
    1.90393896632225,
    1.8925297207868284,
    1.8818505898616036,
    1.8707933737440652,
    1.859689166948415,
    1.849272372088022,
    1.8382571191160195,
    1.8277472948003712,
    1.8170672508144279,
    1.8066117455939932,
    1.796656793511289,
    1.786299790442703,
    1.7758937567178879,
    1.7655443020353354,
    1.7552928298140071,
    1.7456835515703837,
    1.7354776152640126,
    1.7257378166910677,
    1.7157386783722908,
    1.7057727979031236,
    1.6959321356146801,
    1.6865092993152242,
    1.6764035695726813,
    1.6669289466592974,
    1.6574057640332955,
    1.6473336496731443,
    1.638487214559957,
    1.6290259072829718,
    1.6193065486781195,
    1.6100052439892862,
    1.601206172256771,
    1.5917848602509004,
    1.5823544348418686,
    1.5733825455261417,
    1.563585678883752,
    1.5546244448497313,
    1.5452234807396084,
    1.5349833313742682,
    1.5256407707876127,
    1.5164073808282872,
    1.5072908264785339,
    1.4981499510969742,
    1.488564311074537,
    1.479868921730363,
    1.4704855161129866,
    1.4617472713834136,
    1.4530221989505065,
    1.4439712113437018,
    1.4350030588415037,
    1.4261656817195278,
    1.4174249000812285,
    1.4090731921053445,
    1.400285604946887,
    1.3913655818403698,
    1.383008168466657,
    1.374147210377137,
    1.3657212725597523,
    1.3573915904205527,
    1.3484010837474143,
    1.3403053318795968,
    1.3316226177315127,
    1.3224315360625891,
    1.3143941184261128,
    1.3060686945442175,
    1.2972053175542055,
    1.2891388204499334,
    1.2809214786953775,
    1.2720833025047256,
    1.2638039605782208,
    1.2553353748368437,
    1.2467501848464222,
    1.2384513312671566,
    1.2296672951591425,
    1.2208515240898399,
    1.2123270180469183,
    1.2042288426933079,
    1.1961326318640861,
    1.1872240239111755,
    1.1785482853750253,
    1.170835703497586,
    1.1621541591753057,
    1.1539253772565043,
    1.1459378583875603,
    1.137587800212848,
    1.1290125873210148,
    1.120894700873756,
    1.112419929449531,
    1.1041422212586225,
    1.0961312061110005,
    1.087375502428661,
    1.079024927001345,
    1.0709487203440975,
    1.062300522085603,
    1.0539368765299533,
    1.0455377708325821,
    1.0373949046626905,
    1.028860594209055,
    1.0204005812282455,
    1.011777491672795,
    1.0033977311669988,
    0.9947578404786103,
    0.9857169206878298,
    0.9771705901293722,
    0.96853529292278,
    0.9601410805891837,
    0.951296764739185,
    0.9424544893654956,
    0.9338519604085196,
    0.9253507760053746,
    0.9169435461383223,
    0.9088051899864589,
    0.9006688283729483,
    0.8931081162162022,
    0.8859506625280557,
    0.8789203674417309,
    0.8720225477635265,
    0.8658409996986298,
    0.8594326191712708,
    0.8509468073733684,
    0.8381461891633994,
    0.8241169178532088,
    0.8096951718594221,
    0.7952796232547568,
    0.781026011848195,
    0.7662683487584131,
    0.7512392624125396,
    0.7357106213465291,
    0.7198151346839584,
    0.7028807339038341,
    0.6851352773849718,
    0.6650224953470012,
    0.6433953691572164,
    0.619196294302281,
    0.5887965150657232,
    0.545823106371674,
    0.4792159428650707,
    0.2803844389197315
  ]
}