{
  "label": "original",
  "checkpoint": "Qwen/Qwen2.5-3B-Instruct",
  "num_layers": 36,
  "num_matrices": 252,
  "elapsed_seconds": 606.9,
  "ratios": {
    "0.05": 0.006712,
    "0.10": 0.016901,
    "0.15": 0.028984,
    "0.20": 0.043776,
    "0.25": 0.060838,
    "0.30": 0.080397
  },
  "mean_sv_curve": [
    6.515076783441362,
    3.857586500656474,
    3.5842493990277373,
    3.412226224053543,
    3.2886781596456136,
    3.1933813625137666,
    3.114788811105026,
    3.0473453614656045,
    2.9887555530990824,
    2.9371503059638413,
    2.8905173001084834,
    2.847890419390031,
    2.8082996241221205,
    2.771813290577439,
    2.7374884627365432,
    2.705143595459486,
    2.6750581067335073,
    2.646079852505524,
    2.6182208666214697,
    2.5920741745002083,
    2.567128600262516,
    2.542896847217821,
    2.5195812064299417,
    2.4971025294974987,
    2.4753149810807313,
    2.4541368425745818,
    2.4338394161107253,
    2.4141690055866825,
    2.394733953828486,
    2.376132366747493,
    2.357789899917646,
    2.339982199371264,
    2.3225075815215,
    2.305513835839033,
    2.288751015207114,
    2.272361541074639,
    2.2564761381956764,
    2.2408239053329186,
    2.2252905493082307,
    2.210052468279022,
    2.1952887314248524,
    2.180695745595678,
    2.166067486362204,
    2.1520145350503057,
    2.1380607886867606,
    2.1244381516232886,
    2.110892161205168,
    2.0974120022998695,
    2.0842195056510184,
    2.070984019080806,
    2.058242267828063,
    2.0456615205602486,
    2.0330321719137374,
    2.020407610663132,
    2.008286313981571,
    1.996236788441598,
    1.9841021428405745,
    1.9722548128053914,
    1.9604466387964452,
    1.9486280437625754,
    1.9368394809808718,
    1.9254951444055945,
    1.9140918820875343,
    1.9030371900557834,
    1.8918478561615335,
    1.8809314444060918,
    1.870003329123892,
    1.8591764247784959,
    1.8483953440401888,
    1.8374563767321042,
    1.8268351276244934,
    1.8163356773797157,
    1.805959888763564,
    1.7956551214023537,
    1.7853187498418663,
    1.7749372645778745,
    1.7648938125115425,
    1.7547176052014148,
    1.7448718457631998,
    1.7347703539895847,
    1.7248128449225342,
    1.714834838746657,
    1.705052479843665,
    1.6951650035129815,
    1.6852933211734809,
    1.6756294769272617,
    1.6660530119670798,
    1.656396111927626,
    1.6468106818140194,
    1.637430068318511,
    1.6279310594919991,
    1.618543978039135,
    1.6092593815990954,
    1.6000125263564662,
    1.5906470474825918,
    1.581474729705401,
    1.572213907315679,
    1.5628732332365929,
    1.5536369029787633,
    1.5441350522504955,
    1.5341913611869908,
    1.5248549306803685,
    1.515648895359819,
    1.5063703388143295,
    1.4970760386161723,
    1.4879636734413815,
    1.478785942346417,
    1.4696424428646653,
    1.460844460879848,
    1.451944485202739,
    1.4430981080711973,
    1.4341232531456727,
    1.4252788962812217,
    1.4166781733915974,
    1.4079330934493453,
    1.3993428793816844,
    1.3906780158078866,
    1.3819939507287549,
    1.3733923711171487,
    1.3648349261708432,
    1.3564532521342227,
    1.3477207377060916,
    1.3392083072942618,
    1.3304905928050326,
    1.322026903955376,
    1.31350627545494,
    1.30510267965205,
    1.296689320530076,
    1.2882486816863812,
    1.2798610923169518,
    1.2713370964013102,
    1.2629093331521577,
    1.2545328130701165,
    1.2458619977787098,
    1.2374720203843919,
    1.2288668977946948,
    1.2200717328925568,
    1.2115798563010558,
    1.2031812238776398,
    1.1947990953882894,
    1.1863485524397288,
    1.178084870298649,
    1.1697317519053534,
    1.1613396769344009,
    1.1531594532108356,
    1.1448745714520452,
    1.1366453891621953,
    1.12821488784486,
    1.1199234813996972,
    1.1115475009495195,
    1.1032423568037566,
    1.0950253241880996,
    1.086458966557282,
    1.0780108780687971,
    1.0696759313617896,
    1.0612506892840232,
    1.0529905890494464,
    1.044563192286623,
    1.036200384006543,
    1.0276250213363611,
    1.0191758561203854,
    1.0106282209682018,
    1.0018960110977952,
    0.9932043623855376,
    0.9843275983027385,
    0.9755153273410996,
    0.9668121242328194,
    0.9582291193664282,
    0.9492365866400049,
    0.9402972117689983,
    0.9313698544150333,
    0.9223197244734958,
    0.9132773845611084,
    0.9039582829250812,
    0.8945269594984986,
    0.8850782413675249,
    0.8756218338493736,
    0.8660454078979996,
    0.8561646579366777,
    0.8461083078517379,
    0.8360426563186883,
    0.8255520812653423,
    0.814724090891976,
    0.8039799902575478,
    0.7930319095856523,
    0.7816449351697611,
    0.7701009847849913,
    0.7576930657042793,
    0.7451153061760872,
    0.7314953600405241,
    0.7171730005914767,
    0.701776207246423,
    0.6849872184814818,
    0.6656575271692564,
    0.644514204883459,
    0.6201600314414251,
    0.589299257897383,
    0.5456739673192997,
    0.47766975044751403,
    0.27790587646090503
  ]
}