{
  "label": "task_2_FOMC",
  "checkpoint": "/tmp/checkpoints/trace_osft_qwen25/task_2_FOMC/hf_format/samples_15000.0",
  "num_layers": 36,
  "num_matrices": 252,
  "elapsed_seconds": 617.8,
  "ratios": {
    "0.05": 0.0067,
    "0.10": 0.017014,
    "0.15": 0.02916,
    "0.20": 0.043962,
    "0.25": 0.061029,
    "0.30": 0.080592
  },
  "mean_sv_curve": [
    6.517155366757559,
    3.858836999147139,
    3.5854175499398004,
    3.4135652143587536,
    3.2893428785814556,
    3.1948474938479428,
    3.1159255939103514,
    3.0486399509375786,
    2.9899179257420987,
    2.9385865680184615,
    2.8912881910087793,
    2.848666040112863,
    2.8095221334920204,
    2.773130404079866,
    2.738663620819524,
    2.706025768556057,
    2.675813600532678,
    2.64709685529506,
    2.619057822590708,
    2.5930459586136982,
    2.5682316476911087,
    2.5434895761752605,
    2.5201353472811663,
    2.4975537279081585,
    2.4758505495285212,
    2.454852283597611,
    2.434426496433396,
    2.4151339495287583,
    2.395673383062676,
    2.3768012504990494,
    2.358397473366226,
    2.34072707077362,
    2.323290018687039,
    2.306031205237285,
    2.289299365126212,
    2.273437004172984,
    2.257476363868018,
    2.241503204614615,
    2.2259470337425826,
    2.2108188301141807,
    2.195942116941837,
    2.181335825828156,
    2.1667240202757316,
    2.1526102807185308,
    2.138526550134072,
    2.1253879647810443,
    2.1114376442927507,
    2.0979499791114344,
    2.0846758218421377,
    2.071725259532415,
    2.059033405997588,
    2.046847340892955,
    2.033924496965687,
    2.0212600331248636,
    2.009125385242965,
    1.997226164165682,
    1.9850904022374585,
    1.9730501446028756,
    1.9612067049533983,
    1.9491925639886838,
    1.937326361585901,
    1.9262937103386488,
    1.9151422541858654,
    1.903911243343577,
    1.8925024483730568,
    1.8818240006132398,
    1.8707722570775949,
    1.8596639052916535,
    1.8492472148939039,
    1.8382391040227901,
    1.8277365643460657,
    1.8170601270603803,
    1.8065986387658048,
    1.7966243699763524,
    1.7862707773499709,
    1.7758717722189414,
    1.7655393482716537,
    1.755278119442827,
    1.745686154263751,
    1.7354512498979597,
    1.7257031786613668,
    1.7157379488964453,
    1.7057758693323246,
    1.6959031008286762,
    1.686503639164947,
    1.676393896970081,
    1.6669265816529437,
    1.6573947349567246,
    1.6473265520237643,
    1.6384327403979364,
    1.629005454806317,
    1.6193075652327935,
    1.609997993950957,
    1.6011928817581327,
    1.5917664577827477,
    1.5823302192859663,
    1.573381065987743,
    1.563601050057309,
    1.5546224034494829,
    1.5452134459456053,
    1.5349776271254933,
    1.525573891203868,
    1.5163966696360247,
    1.507256775504904,
    1.4981276319167822,
    1.4885392468739116,
    1.4798635417390342,
    1.470473549307424,
    1.4617371083279351,
    1.452994374293426,
    1.4439400339146555,
    1.434988945324407,
    1.426076637393641,
    1.4173938859332276,
    1.4090724328901716,
    1.400285752156321,
    1.3913612762474834,
    1.3829956088680742,
    1.3741267577753862,
    1.3656770693481601,
    1.3573889983670107,
    1.3483762386433034,
    1.3402089020719445,
    1.3316175392593022,
    1.3224239561843765,
    1.314367356596999,
    1.3060589175734627,
    1.2972039964168611,
    1.2890715634298324,
    1.2808903501111064,
    1.272067502004313,
    1.2637587465407372,
    1.255309942098126,
    1.2467067469358015,
    1.2384116387564794,
    1.2296345128581283,
    1.2208490225720385,
    1.212311793807643,
    1.2042044512292753,
    1.1960906597143532,
    1.1871973048288151,
    1.1784909075469474,
    1.1707548496961604,
    1.1620843787591786,
    1.1538837927634968,
    1.14586557707157,
    1.1375167802122146,
    1.1289783218090448,
    1.1208274309553332,
    1.1122599566076723,
    1.103934943509985,
    1.0960055468522998,
    1.0871774464255044,
    1.0789316270997378,
    1.0707926948041326,
    1.0621366115200583,
    1.053680866924614,
    1.0452513339639855,
    1.0370635033222502,
    1.0285791615923023,
    1.0200181427217652,
    1.011225064108464,
    1.0030500272249872,
    0.9941106116886725,
    0.9853203544792669,
    0.9766338226421265,
    0.9677920441722371,
    0.9594815345259063,
    0.9503267164334035,
    0.9415694748284371,
    0.9327045719513138,
    0.9238278733130553,
    0.9148166479799346,
    0.9059066047670837,
    0.8968321418165799,
    0.8880750723218184,
    0.8796100957132952,
    0.8712946409339191,
    0.8629922849877855,
    0.8552352829209344,
    0.8470187930188827,
    0.8370891932259895,
    0.8242898208907296,
    0.8116177499367381,
    0.799072038361691,
    0.7862540904044987,
    0.7735167318688319,
    0.7601758533273286,
    0.7466486799164447,
    0.7322236730324543,
    0.7173668077602011,
    0.7014905115119239,
    0.6843045500567028,
    0.6647207290785518,
    0.6436118339761513,
    0.6193359244200908,
    0.5887593598940992,
    0.5455925601177416,
    0.47807171814325217,
    0.27872216138018485
  ]
}