{
  "label": "task_6_NumGLUE-cm",
  "checkpoint": "/tmp/checkpoints/trace_osft_qwen25/task_6_NumGLUE-cm/hf_format/samples_15000.0",
  "num_layers": 36,
  "num_matrices": 252,
  "elapsed_seconds": 607.7,
  "ratios": {
    "0.05": 0.006718,
    "0.10": 0.017343,
    "0.15": 0.029661,
    "0.20": 0.044475,
    "0.25": 0.061536,
    "0.30": 0.081085
  },
  "mean_sv_curve": [
    6.517588432346072,
    3.8588583353671218,
    3.585432495237531,
    3.4135926532335983,
    3.2893933555298625,
    3.194855770829088,
    3.1160215251673704,
    3.048654201243581,
    2.9899205565737823,
    2.938620539469905,
    2.891297190235668,
    2.8487134878763976,
    2.8095408931970014,
    2.77314203175891,
    2.738705606800552,
    2.7060603218362145,
    2.675844306344191,
    2.6471360571955227,
    2.6191125427437183,
    2.5930629707239943,
    2.568257471329763,
    2.5434649430166023,
    2.5201572883335457,
    2.497603287432594,
    2.475905491731057,
    2.454867487875074,
    2.4344283123746897,
    2.4151719495864485,
    2.3956981548828344,
    2.376812144632572,
    2.3584300759753947,
    2.3407656226758498,
    2.323310696290441,
    2.306062817729251,
    2.2893148564967656,
    2.2734563722701386,
    2.257495159176753,
    2.2415536849694817,
    2.2259905585415813,
    2.210826354318662,
    2.1959713385408812,
    2.181359855843387,
    2.1667470544329412,
    2.1526328060373956,
    2.1385647811270756,
    2.1254006504056893,
    2.1114895955646893,
    2.097984960411613,
    2.0847062499027573,
    2.071760165348589,
    2.0590703604506495,
    2.0468607726394334,
    2.033955005999149,
    2.0212807068202334,
    2.0091483158349055,
    1.9972266349886514,
    1.9850969812504786,
    1.9730680004776102,
    1.9612233314306307,
    1.9492303671684819,
    1.9373640487715034,
    1.9263221615344657,
    1.9151594109766081,
    1.9039238754574033,
    1.8925249854029482,
    1.8818504623299142,
    1.8707913701196912,
    1.859675276634357,
    1.8492610705027681,
    1.8382645777349467,
    1.827760383585994,
    1.817074895035833,
    1.806597415711131,
    1.7966521156978088,
    1.7862935665169712,
    1.775885339857546,
    1.7655367311709782,
    1.7552799967038795,
    1.7456975733936957,
    1.7354745348830625,
    1.7257357931372652,
    1.7157468874121273,
    1.7057862733814289,
    1.6959175154539425,
    1.6865127697673767,
    1.6764045614400649,
    1.6669298901154377,
    1.6574201970969198,
    1.6473465389410498,
    1.6384715030410044,
    1.6290232843244072,
    1.619305506897732,
    1.610003028204921,
    1.601225907798232,
    1.5917762725097653,
    1.5823415762546422,
    1.5733930067272668,
    1.5636060384316923,
    1.5546255288417565,
    1.5452183942364968,
    1.5349861768928554,
    1.5256264108183597,
    1.5164128027263843,
    1.5072818575549498,
    1.4981433400459214,
    1.4885614517857189,
    1.479871688548068,
    1.470483255245388,
    1.4617428851029448,
    1.4530259560637027,
    1.4439696716616386,
    1.434993115819138,
    1.4261944554018144,
    1.4174208767561163,
    1.4090804237665246,
    1.4002943902659841,
    1.3913730822394814,
    1.3829961339572054,
    1.3741394506066589,
    1.3656973860459005,
    1.3573960257234883,
    1.348381414648469,
    1.340308971883419,
    1.3316229745086603,
    1.3224241723341172,
    1.314409390063964,
    1.3060659211073375,
    1.297209438036087,
    1.2891580844341834,
    1.2809228713881882,
    1.2720783871132852,
    1.2638307693269168,
    1.2553388968670496,
    1.246767491273373,
    1.2384859583359678,
    1.2296678686997795,
    1.220849820531182,
    1.212333451513024,
    1.2042676853435739,
    1.1961461738106829,
    1.187234601507899,
    1.1785640349064745,
    1.1708334325071945,
    1.162143013597799,
    1.1539440885496106,
    1.1459618487022032,
    1.1376069511227749,
    1.1290506677481404,
    1.1209043308739497,
    1.1124938275466179,
    1.1041872986169272,
    1.0961791201401274,
    1.0874483478051602,
    1.0790506083262315,
    1.0710187057206815,
    1.0624170375166626,
    1.0540382401363981,
    1.0456308362781834,
    1.0375463134905558,
    1.0290149320019804,
    1.0205879928731083,
    1.01203698469592,
    1.0037299988950898,
    0.9950740112944548,
    0.9860926010924581,
    0.9775860946470146,
    0.9692574993316742,
    0.960734793752973,
    0.9519588824348973,
    0.9434177349339623,
    0.9349558167666696,
    0.92679762441513,
    0.918902483539724,
    0.9112784460929112,
    0.9039505085144532,
    0.897091909245019,
    0.8906270051617576,
    0.8842514137490558,
    0.8782143522566982,
    0.872765751226239,
    0.8667570850968753,
    0.8578290345952189,
    0.8448566737438044,
    0.830651876160084,
    0.8158032292435563,
    0.8006059776681826,
    0.785457224666774,
    0.7700212918898472,
    0.7542348000162047,
    0.7381202661634865,
    0.7215629866889092,
    0.7042071910462956,
    0.6861913437303007,
    0.6654528016469621,
    0.6436834784036415,
    0.6191535101555945,
    0.589039281651469,
    0.5462357689342529,
    0.47983031700277806,
    0.2816447673952031
  ]
}