{
  "label": "task_7_NumGLUE-ds",
  "checkpoint": "/tmp/checkpoints/trace_osft_qwen25/task_7_NumGLUE-ds/hf_format/samples_15000.0",
  "num_layers": 36,
  "num_matrices": 252,
  "elapsed_seconds": 617.9,
  "ratios": {
    "0.05": 0.006719,
    "0.10": 0.017391,
    "0.15": 0.029749,
    "0.20": 0.04457,
    "0.25": 0.061629,
    "0.30": 0.081177
  },
  "mean_sv_curve": [
    6.517724756210569,
    3.85894168010642,
    3.5854964522634356,
    3.4136629921652393,
    3.2894479708707913,
    3.194905275965531,
    3.1160365221562096,
    3.0486405030412307,
    2.989912162499012,
    2.9386432178320274,
    2.89133222994122,
    2.848708829495517,
    2.809549253629168,
    2.773160991169403,
    2.738712403303729,
    2.7060598559814886,
    2.67581099370426,
    2.6471321869906306,
    2.6190819010950306,
    2.593083954990372,
    2.5682850719886487,
    2.5435423439183933,
    2.52013923398585,
    2.4976097671865545,
    2.4758718172818495,
    2.4548870552403437,
    2.434442595217923,
    2.415152266578799,
    2.395698877435234,
    2.376837554007776,
    2.3584361349525107,
    2.3407834012884745,
    2.323310804746696,
    2.306066085216226,
    2.2893143263460867,
    2.273456654083579,
    2.2574950023193607,
    2.2415567704737827,
    2.2259642231561365,
    2.210833103705546,
    2.195957468493214,
    2.1813411227565367,
    2.1667516580882724,
    2.1526474178959387,
    2.138576910854138,
    2.1254203390911584,
    2.1114747281055326,
    2.097987703783494,
    2.08470682302041,
    2.071750409422741,
    2.059072463002477,
    2.046867239777861,
    2.033946442414607,
    2.0212928234836727,
    2.0091633918556457,
    1.997258108499385,
    1.9851279189315252,
    1.9730866183416502,
    1.961234725766313,
    1.9492250975119478,
    1.9373468665702216,
    1.9263168866719762,
    1.9151695778188862,
    1.9039314475994769,
    1.892524479267424,
    1.881845816990077,
    1.870800867210813,
    1.859682629680514,
    1.8492677557791235,
    1.838278810312762,
    1.8277652353622402,
    1.8170716809699434,
    1.8066212411364022,
    1.796658817511397,
    1.7863177150818315,
    1.7759014957732946,
    1.7655671709658018,
    1.7552970370969057,
    1.7457067765901078,
    1.7354988350292342,
    1.7257367328713846,
    1.7157602961733545,
    1.7057878810903768,
    1.695918166181365,
    1.6865161847939163,
    1.6764156134709833,
    1.6669331027740564,
    1.6574258150302106,
    1.6473633807101684,
    1.6384821745972702,
    1.629038273747376,
    1.619311365569699,
    1.6100082455201885,
    1.6012290223150476,
    1.5917931398647365,
    1.5823450074594654,
    1.5733984854511212,
    1.5636099097609775,
    1.554634800287913,
    1.5452300738954816,
    1.5349824076294514,
    1.5256373656357531,
    1.5164275566635828,
    1.5073058634052692,
    1.4981484559228746,
    1.4885544336513916,
    1.4798714630635603,
    1.4704826367366601,
    1.4617477840905684,
    1.4530229705874738,
    1.4439680591336166,
    1.434997620238583,
    1.4261920483044628,
    1.4174114078238138,
    1.4090852022163294,
    1.4002948242235278,
    1.3913815433671006,
    1.3830097543792257,
    1.3741509571978734,
    1.3657156126341157,
    1.3573950759322455,
    1.3483899473550285,
    1.340331682479983,
    1.3316425831953234,
    1.3224329475919308,
    1.3144209092062327,
    1.3060755094245433,
    1.2972154706018841,
    1.289151715739755,
    1.2809307729734598,
    1.2721056903212435,
    1.263840275925301,
    1.2553318898071186,
    1.2467807669501878,
    1.238486118984024,
    1.2296788428029863,
    1.220862570588166,
    1.2123363168291788,
    1.2042992118662605,
    1.1961400279460066,
    1.1872469955577472,
    1.1786220014038142,
    1.1708378456187518,
    1.162168349020963,
    1.1539777085166143,
    1.1459774516164993,
    1.1376450383088137,
    1.1290856930259456,
    1.1209289698756222,
    1.1125257768101022,
    1.1042271903766632,
    1.0962115452738639,
    1.087500565823276,
    1.079105571286743,
    1.0711342054297297,
    1.0624834353602148,
    1.054158355900037,
    1.0457652229921586,
    1.0376617001715018,
    1.0291194602394573,
    1.020782530571364,
    1.0122297026959641,
    1.0038783855800812,
    0.9952916269444672,
    0.9864771107808674,
    0.9779636865810206,
    0.9696434625484591,
    0.9612571933119053,
    0.9525372465150379,
    0.9440574354423933,
    0.9358755679236835,
    0.9279167465158966,
    0.9202954834143476,
    0.9130051944798131,
    0.9058453147408394,
    0.8991466541001002,
    0.8928965831844923,
    0.8868228095404601,
    0.8808485193368407,
    0.8756781403178294,
    0.8698182963212652,
    0.8608040849807935,
    0.8477783399692113,
    0.8334256186738391,
    0.8183129344695652,
    0.8028877641364515,
    0.7873148488750448,
    0.7715636715847571,
    0.7555224271937153,
    0.7390050478191611,
    0.7222675262576573,
    0.7047329572609046,
    0.6861860542037598,
    0.6655472847247467,
    0.6435653307258281,
    0.619059272640495,
    0.588839947467976,
    0.5462173968669418,
    0.4799669400625877,
    0.28227767189156744
  ]
}