{
  "label": "task_8_20Minuten",
  "checkpoint": "/tmp/checkpoints/trace_osft_qwen25/task_8_20Minuten/hf_format/samples_14952.0",
  "num_layers": 36,
  "num_matrices": 252,
  "elapsed_seconds": 594.2,
  "ratios": {
    "0.05": 0.006735,
    "0.10": 0.017505,
    "0.15": 0.029922,
    "0.20": 0.044751,
    "0.25": 0.06181,
    "0.30": 0.081353
  },
  "mean_sv_curve": [
    6.51795265315071,
    3.8589512812964846,
    3.5854795047343417,
    3.4136355434347325,
    3.289440647454614,
    3.1949145378626795,
    3.116000880170136,
    3.0486349624538467,
    2.9899758911355288,
    2.9386182368690705,
    2.891368232298396,
    2.848720637978173,
    2.8095676614328324,
    2.7731887185755166,
    2.738726725020487,
    2.706054657801083,
    2.6758380396553263,
    2.647145055612993,
    2.6191445745113526,
    2.5931083283705756,
    2.5682684328744902,
    2.5435165300403124,
    2.5201516206352257,
    2.4975972817915806,
    2.4759287141537447,
    2.4548816714996535,
    2.4344429126993026,
    2.4151861124216714,
    2.3957011750749575,
    2.376864720876114,
    2.35844062266238,
    2.3407685711125286,
    2.323321151000761,
    2.306131247508001,
    2.289311353515102,
    2.2734629639248385,
    2.2575268257060777,
    2.241575340034147,
    2.225988150474945,
    2.210857027043821,
    2.195967492195439,
    2.181352829249975,
    2.166757424507233,
    2.152649834197019,
    2.138589753148381,
    2.125424729087113,
    2.111470802791183,
    2.0979963391734007,
    2.084712063016061,
    2.071770654778365,
    2.0590854044999203,
    2.046873425086206,
    2.033940286683943,
    2.0212798378675223,
    2.009185967496387,
    1.997256112513981,
    1.9851172816050235,
    1.973103882329947,
    1.9612389719982115,
    1.9492381025803112,
    1.937348044788884,
    1.9263214766171,
    1.9151764127082727,
    1.9039407014119392,
    1.892538866893027,
    1.8818616366473426,
    1.8707950375905837,
    1.859678126207766,
    1.8492577400558021,
    1.838278175815923,
    1.827772504210358,
    1.8170937899572333,
    1.8066296185895505,
    1.7966538723803336,
    1.7863045431690765,
    1.7758917150537739,
    1.765548699424819,
    1.7552892102557498,
    1.7457070956326801,
    1.7354984325748632,
    1.7257652297126302,
    1.7157642570575848,
    1.705788872663586,
    1.695919818315669,
    1.6865051782140943,
    1.6764011422749097,
    1.6669444807602989,
    1.6574092812695338,
    1.6473531306581537,
    1.6384719914620112,
    1.6290372720962407,
    1.6193172731176417,
    1.6100187608876366,
    1.6012383432492943,
    1.5917935343722964,
    1.5823917690956621,
    1.57339636664019,
    1.5636115912762545,
    1.5546335695342468,
    1.5452504495046326,
    1.5350021525731332,
    1.52565108525503,
    1.5164267013414472,
    1.5072957467089574,
    1.4981577619060404,
    1.488568855630964,
    1.4798804821182525,
    1.4705013877971371,
    1.4617618022619838,
    1.4530387472949966,
    1.443978881738712,
    1.434994544718309,
    1.4262232094946075,
    1.4174301728958045,
    1.409084841101776,
    1.4003315274644896,
    1.3913797568177726,
    1.3830244268173404,
    1.3741770014238146,
    1.3657235743541374,
    1.3574120689858287,
    1.3483938226892167,
    1.3403421893479324,
    1.3316937068074188,
    1.3224474204838026,
    1.3144216453437407,
    1.3061067251708596,
    1.29722970686428,
    1.2891433713191778,
    1.2809426840384328,
    1.2721073656820803,
    1.2638755756892168,
    1.255360228340169,
    1.2468292169236348,
    1.238518094182338,
    1.2296873459816353,
    1.220872313877535,
    1.2123646918491695,
    1.2043371513077925,
    1.196172234653716,
    1.1873030864568328,
    1.178672911722704,
    1.1708630699921152,
    1.1621828893172963,
    1.1540318125175428,
    1.1460679646654315,
    1.1377074276454437,
    1.1292178176281022,
    1.1210149896263886,
    1.112640664131514,
    1.104333747303418,
    1.0963429431980158,
    1.0876611077456082,
    1.0791852122285372,
    1.0713440755259345,
    1.0627109066219982,
    1.0543920012339316,
    1.0460076510847154,
    1.0378346636407743,
    1.029272987155582,
    1.0210262865599224,
    1.0126861540433267,
    1.0041389090722297,
    0.9956118179612384,
    0.9870458392507547,
    0.978532812757587,
    0.9702072029377137,
    0.961944300899099,
    0.9535878918891921,
    0.945447526162319,
    0.9375944103488352,
    0.930053377187092,
    0.9227046637667747,
    0.9155625355816919,
    0.9087138050453234,
    0.9022578760475782,
    0.8961835002698061,
    0.8902242472093564,
    0.8842680598136178,
    0.8793984853964367,
    0.8737556557707764,
    0.8662707139635877,
    0.8541309121035937,
    0.8393669508998106,
    0.823814292200251,
    0.8077536133957328,
    0.7917396487712088,
    0.7753983628308395,
    0.7588681612858271,
    0.741854224012854,
    0.7246660956895664,
    0.7063668856003256,
    0.6875932389331475,
    0.6666570987795828,
    0.6442040002282252,
    0.6194930320828501,
    0.5894128662779279,
    0.5468365470281685,
    0.48025191427964686,
    0.2832967637035735
  ]
}