{
  "label": "task_3_MeetingBank",
  "checkpoint": "/tmp/checkpoints/trace_osft_qwen25/task_3_MeetingBank/hf_format/samples_9450.0",
  "num_layers": 36,
  "num_matrices": 252,
  "elapsed_seconds": 614.0,
  "ratios": {
    "0.05": 0.006706,
    "0.10": 0.017136,
    "0.15": 0.029334,
    "0.20": 0.044139,
    "0.25": 0.061203,
    "0.30": 0.080762
  },
  "mean_sv_curve": [
    6.517511792599209,
    3.8589325615549477,
    3.585467659919334,
    3.413580349946102,
    3.2893828189481398,
    3.1948670048438705,
    3.1159942457576464,
    3.048651193688384,
    2.989933289137621,
    2.938628802538785,
    2.891320043244582,
    2.848682002743779,
    2.809527169065897,
    2.773155596662607,
    2.738683719182923,
    2.706053801576818,
    2.6758203926690296,
    2.647120767939726,
    2.619105245640206,
    2.5930852985944517,
    2.568246841830025,
    2.543510131754828,
    2.5201742260022186,
    2.4975927601823726,
    2.4758654087044984,
    2.4548539372295215,
    2.4344196100537654,
    2.415185170603384,
    2.3957209708985503,
    2.37683190768835,
    2.358442939996785,
    2.3407845235240776,
    2.3233125745023533,
    2.306050989456826,
    2.2893069189071844,
    2.2734763484147775,
    2.2575001554658587,
    2.2415177168705975,
    2.225967306562605,
    2.210834012773843,
    2.1959431831099985,
    2.181340204613473,
    2.166746973222387,
    2.152648292593031,
    2.1385465507764243,
    2.1254139916612225,
    2.111497275050514,
    2.097980297748303,
    2.0847017017253386,
    2.071744707470886,
    2.059064787728959,
    2.046855458109451,
    2.033931698211836,
    2.021270882205461,
    2.009141805391948,
    1.9972382020967436,
    1.9850915825147317,
    1.9730739621591877,
    1.961226590598771,
    1.9492166148622114,
    1.937347617631771,
    1.9263040099114412,
    1.91515930573307,
    1.9039390021625326,
    1.8925117499602786,
    1.8818433890469073,
    1.8707945447956211,
    1.8596829751504516,
    1.8492599862017136,
    1.8382667563276218,
    1.827747329878775,
    1.8170782649565544,
    1.8066050716073132,
    1.7966478460385078,
    1.78628855450659,
    1.7759098886927696,
    1.7655404614324899,
    1.7552787184268366,
    1.745685218612386,
    1.7354838453863775,
    1.7257311369974457,
    1.7157519729786437,
    1.7057830942162515,
    1.6959282444439217,
    1.6865146588262239,
    1.676413822067814,
    1.6669315452015674,
    1.657403125434275,
    1.6473398010084592,
    1.6384580451559807,
    1.6290115179363134,
    1.6193119284055841,
    1.6100040146482422,
    1.6012087992160775,
    1.591780969328555,
    1.582351059176173,
    1.5733909264885553,
    1.5635947418741105,
    1.554634197096943,
    1.5452424326210763,
    1.5349865587480367,
    1.525607311831163,
    1.5164086057561532,
    1.5072939274099417,
    1.4981476425627747,
    1.4885564830620406,
    1.4798649691798236,
    1.4704900616589012,
    1.4617590990039044,
    1.4530114078289718,
    1.4439677769624137,
    1.4349961807468328,
    1.426103342793685,
    1.4174092468229371,
    1.4090769313560478,
    1.40028642645734,
    1.391369300623815,
    1.3830151492853842,
    1.3741428096385497,
    1.365715529070183,
    1.3573912989383532,
    1.348381504344259,
    1.3402407369477218,
    1.3316262555465757,
    1.3224448001941818,
    1.314395068648511,
    1.3060757402615009,
    1.2972166556812983,
    1.2891142205582933,
    1.280902812188917,
    1.2720966395803361,
    1.2637960937052743,
    1.2553301432124726,
    1.2467527185617464,
    1.23843304810635,
    1.229679505640498,
    1.2208706956236262,
    1.2123357582119894,
    1.2042203880151556,
    1.1961329365435507,
    1.187227113574521,
    1.1785571554905165,
    1.1708071803323257,
    1.1621353708925495,
    1.1538999494590054,
    1.145922305776598,
    1.1375630631962899,
    1.1290111819652604,
    1.12087874785917,
    1.112315256463002,
    1.10404796724756,
    1.0960883808872082,
    1.0872967303187893,
    1.0789957939577082,
    1.070900234355649,
    1.0622257814917742,
    1.0538279652167069,
    1.045377908335937,
    1.0372310138643541,
    1.0287255011685148,
    1.02024097363378,
    1.0114923407384135,
    1.003248502056966,
    0.9944767451727596,
    0.9855280954792259,
    0.9769601974732411,
    0.9681757866658556,
    0.959770445433123,
    0.9508174478391487,
    0.9420494332235742,
    0.933289040152574,
    0.9245377985390538,
    0.9158894021529358,
    0.9073368057682886,
    0.8988332638708387,
    0.8907480211046872,
    0.8830078089737272,
    0.8753738939297684,
    0.8678944518131264,
    0.861030689059895,
    0.8542008709273164,
    0.8455227298647998,
    0.8327276535822553,
    0.8189910919927516,
    0.8051995020347723,
    0.7914615746874901,
    0.7777796045563397,
    0.763641237884895,
    0.7492543879261594,
    0.7342404221999652,
    0.7187207674870917,
    0.7023597066467858,
    0.6846964355414766,
    0.665059796676447,
    0.64357983894458,
    0.6193404373729835,
    0.5888235391243254,
    0.5457221197184848,
    0.478779986505205,
    0.2796117158726508
  ]
}