{
  "label": "task_1_C-STANCE",
  "checkpoint": "/tmp/checkpoints/trace_osft_qwen25/task_1_C-STANCE/hf_format/samples_15000.0",
  "num_layers": 36,
  "num_matrices": 252,
  "elapsed_seconds": 603.9,
  "ratios": {
    "0.05": 0.006705,
    "0.10": 0.01695,
    "0.15": 0.02906,
    "0.20": 0.043858,
    "0.25": 0.060925,
    "0.30": 0.08049
  },
  "mean_sv_curve": [
    6.516872117916743,
    3.8587188671710058,
    3.5852761107076523,
    3.4134804730156416,
    3.28925657406529,
    3.1947781783480718,
    3.1158790879282576,
    3.048492365412053,
    2.989820904241154,
    2.9385152591706336,
    2.8911992717827593,
    2.848585202788406,
    2.8094239907942855,
    2.7730351225940617,
    2.7385996608423846,
    2.7059537190526477,
    2.675746673298975,
    2.64705243364156,
    2.6189938382644296,
    2.5929632651111265,
    2.5681706614256896,
    2.5434402843428114,
    2.5201019100429454,
    2.497522861769802,
    2.47580866795427,
    2.454791978843106,
    2.4343483599322218,
    2.415086882974415,
    2.395614031515376,
    2.3767457250783517,
    2.358360278482326,
    2.340694350240009,
    2.3232453421222994,
    2.3059981783069454,
    2.2892270909572243,
    2.273391610138189,
    2.257433264742791,
    2.241468501721424,
    2.225911912711184,
    2.2107684348220396,
    2.195882804996662,
    2.181274403607796,
    2.1666794538122334,
    2.1525846324196034,
    2.1384870652708132,
    2.1253425821815264,
    2.1113976775373278,
    2.097920959932605,
    2.0846468242561453,
    2.071677112429347,
    2.05898760511367,
    2.0467822856525393,
    2.0338679805125794,
    2.021205569416358,
    2.0090921651454616,
    1.9971893318957246,
    1.9850358880751444,
    1.973009057041703,
    1.9611617311380076,
    1.9491582404398096,
    1.9372780433744303,
    1.9262433307428264,
    1.9150938279828715,
    1.9038576070031183,
    1.89245257122699,
    1.881773226479552,
    1.8707187787034718,
    1.859610162153003,
    1.8491871183396547,
    1.8382032309825456,
    1.827689561788152,
    1.817007565882023,
    1.8065541806099872,
    1.7965977093469458,
    1.7862324175850006,
    1.775823747864145,
    1.7655023903943066,
    1.7552318258620025,
    1.745640531214975,
    1.7354208998339897,
    1.7256583182395682,
    1.715685670312425,
    1.7057346093737364,
    1.695847719122113,
    1.686448149015799,
    1.6763589849465725,
    1.666875210167156,
    1.6573385117612525,
    1.6472898470941335,
    1.6383912736130855,
    1.6289609386825223,
    1.6192529190489469,
    1.6099652028528573,
    1.601152689431432,
    1.5917354274481428,
    1.5822807902723839,
    1.5733331193128404,
    1.5635347284630379,
    1.5545643484583167,
    1.5451490091004092,
    1.5349361409324063,
    1.5255431581829075,
    1.5163734569127008,
    1.5072438451253871,
    1.498085049487567,
    1.488495777209329,
    1.4798151345039103,
    1.4704200703776404,
    1.4616946236429444,
    1.4529512756091605,
    1.4439165791731519,
    1.4349446157652423,
    1.4260422733589408,
    1.4173718707146752,
    1.4090420567667,
    1.4002465480956237,
    1.3913194939780567,
    1.3829481286130665,
    1.3740938131363127,
    1.3656390728392558,
    1.3573466400913985,
    1.3483229697560652,
    1.3401645522915577,
    1.331584410275558,
    1.3223910055539938,
    1.314329853934649,
    1.306024248826834,
    1.2971595495828119,
    1.2890369232508934,
    1.2808451949367456,
    1.2720370397151182,
    1.2637334339024413,
    1.2552804392264398,
    1.2466509244171857,
    1.2383817819837013,
    1.2295918236531558,
    1.2207916227671582,
    1.2122789844935205,
    1.2041459192713975,
    1.1960342032031483,
    1.1871651365170108,
    1.178437442463873,
    1.1706973078287632,
    1.1620091836698911,
    1.1538259709766145,
    1.1457824688400062,
    1.13742895784884,
    1.1289215455671116,
    1.1207461912028993,
    1.1121701692326027,
    1.1038322105847416,
    1.0958554829333242,
    1.0870871196389653,
    1.0788426953737458,
    1.0705747283042844,
    1.062041113420451,
    1.0535688399616423,
    1.045042568866866,
    1.036886607622007,
    1.028481724100826,
    1.0197908068312662,
    1.0110385263181485,
    1.0028283612213884,
    0.9938590504098711,
    0.985138282383387,
    0.9762824245140896,
    0.9674664082733545,
    0.9590448394162172,
    0.9499747533587329,
    0.941128306108883,
    0.932203286938848,
    0.9232882743724613,
    0.9141867046637047,
    0.9049802992132263,
    0.8956066140815778,
    0.886279897191135,
    0.8773656209697966,
    0.8683576767365776,
    0.8593376695484026,
    0.8507136699821802,
    0.8417806680177188,
    0.8313162256370146,
    0.8192389359912156,
    0.8073807154905516,
    0.7956409428795572,
    0.7837073687798206,
    0.77155049916722,
    0.7587865181661433,
    0.74573351352688,
    0.7317848330923856,
    0.7172514169264704,
    0.7016073016926325,
    0.6846750903373429,
    0.6652608616916603,
    0.6441304064947722,
    0.619984663653246,
    0.5891868490652938,
    0.5458455760923955,
    0.4779286715203869,
    0.27826996575655966
  ]
}