{
  "label": "task_5_ScienceQA",
  "checkpoint": "/tmp/checkpoints/trace_osft_qwen25/task_5_ScienceQA/hf_format/samples_15000.0",
  "num_layers": 36,
  "num_matrices": 252,
  "elapsed_seconds": 611.3,
  "ratios": {
    "0.05": 0.006716,
    "0.10": 0.017295,
    "0.15": 0.029577,
    "0.20": 0.044388,
    "0.25": 0.061449,
    "0.30": 0.081001
  },
  "mean_sv_curve": [
    6.517555186199764,
    3.8588644100464995,
    3.585469190154607,
    3.4136117881062504,
    3.289409571877503,
    3.1948715241056425,
    3.116002294508676,
    3.0486505473937546,
    2.989974905065425,
    2.938610948388672,
    2.8913159524580525,
    2.848699509757572,
    2.809530531012471,
    2.7731667872516215,
    2.7387080949343328,
    2.706053893280111,
    2.675833104752539,
    2.647140831940244,
    2.619108711207911,
    2.5930660138972064,
    2.56824256444321,
    2.543543573765178,
    2.520140318920421,
    2.4976082238234767,
    2.4758816566813,
    2.4548709082080005,
    2.4344163080220538,
    2.4151682977274835,
    2.3956974735525867,
    2.376837583390532,
    2.3584352744030235,
    2.3407739505184852,
    2.3232917973296705,
    2.30605763576457,
    2.2893194307954903,
    2.273453537773799,
    2.257494649214019,
    2.2415494274687076,
    2.225981267185609,
    2.210831045848888,
    2.1959512279660656,
    2.1813397761750775,
    2.1667485744488473,
    2.152635855319882,
    2.138574911905615,
    2.1254147218906247,
    2.1114710476613454,
    2.0979953841655044,
    2.0847179106301246,
    2.0717578118185194,
    2.0590809853030634,
    2.0468747587240865,
    2.0339528238567954,
    2.0212869995139258,
    2.009154347660221,
    1.9972425174252444,
    1.985072078775055,
    1.9730633606040284,
    1.9612188489718838,
    1.9492228466093593,
    1.937349932013759,
    1.926315981205062,
    1.9151619605299877,
    1.9039173995187662,
    1.8925292397528124,
    1.8818304019628693,
    1.8707770674676711,
    1.8596785627510535,
    1.8492677641122208,
    1.8382735508660852,
    1.827759215330557,
    1.8170743582178464,
    1.80659838906884,
    1.7966505080904835,
    1.786294833868041,
    1.7758894106403653,
    1.7655414599588612,
    1.7552875333456057,
    1.7456827966441815,
    1.7354749593005088,
    1.7257195836673134,
    1.7157460169225895,
    1.7057798131783337,
    1.6959142252954984,
    1.6864974632980454,
    1.6763931840748512,
    1.6669296875650716,
    1.6574090839970321,
    1.6473505424731236,
    1.6384718336775272,
    1.6290158876331913,
    1.6192951634891153,
    1.6099935581283185,
    1.6012105208986438,
    1.5917634297335534,
    1.5823326333709482,
    1.573387293226627,
    1.5635864000532438,
    1.5546180588053817,
    1.5452014153189306,
    1.5349475437455982,
    1.5256144238516007,
    1.5163930672770383,
    1.5072751558186186,
    1.4981366975344832,
    1.4885524983373788,
    1.4798628370330849,
    1.4704714894694102,
    1.461738690054045,
    1.453013581738662,
    1.4439487877703983,
    1.4349782935787097,
    1.426185913490636,
    1.4174171335070493,
    1.4090625819062768,
    1.4002806809739363,
    1.3913630913523178,
    1.3829969600199004,
    1.3741345021282698,
    1.3656961019181002,
    1.3573853495834836,
    1.3483721995181712,
    1.3402984338073598,
    1.331606943381371,
    1.3224298687082872,
    1.3143966879231812,
    1.3060567154645406,
    1.2971988301318595,
    1.2891352466838952,
    1.2809232564941206,
    1.2720729893768303,
    1.2638183343549978,
    1.2553218210146773,
    1.2467473500957276,
    1.2384582406217877,
    1.22965607766451,
    1.220843382963825,
    1.2123128480529852,
    1.2042300577449354,
    1.1961149846210608,
    1.1872087394864868,
    1.1785405546739995,
    1.1708204431001046,
    1.1621230013904837,
    1.1539138605470094,
    1.1459484214260185,
    1.1375932314897552,
    1.129034135604564,
    1.1208773931842586,
    1.1124605295884433,
    1.1041532908397618,
    1.0961429797154134,
    1.0873999609176521,
    1.0790432048988452,
    1.070942053501969,
    1.0623550681853848,
    1.0539854650786242,
    1.0455837436985491,
    1.0374690847673005,
    1.0289349889011723,
    1.0204873453283088,
    1.011924379390863,
    1.0035758291689734,
    0.9948894331895587,
    0.9858998998680583,
    0.9773914865617367,
    0.9688467089283571,
    0.960355611384244,
    0.9516508263887973,
    0.942863658604536,
    0.9343063742174265,
    0.9260994556312567,
    0.9178593248457669,
    0.9100235108745728,
    0.9024455027839886,
    0.8951454207217406,
    0.8883535347688246,
    0.8817710559833528,
    0.875364768608145,
    0.8696903762579954,
    0.8635461692608075,
    0.8549345178631685,
    0.8420912631417913,
    0.8279971968284845,
    0.8133881750580021,
    0.7984018223079431,
    0.7837212864643334,
    0.7684915797027266,
    0.7530293903477866,
    0.7372535703272931,
    0.7209796072008657,
    0.7037272820600105,
    0.6857878208851016,
    0.6654423573230347,
    0.6437095847371526,
    0.6193170320156408,
    0.5890859890936712,
    0.5462074258533228,
    0.4797119641860901,
    0.28110666212219854
  ]
}